minutes,cpuload,trueload
0.0,11.954703118656068,20.0
1.0,69.19647592063315,20.278890585620392
2.0,58.74105579350632,20.698601885504406
3.0,38.885616421467326,21.25825479463314
4.0,2.9401437712303142,21.956391672167914
5.0,70.06370430296762,22.790987576926096
6.0,27.85503843658316,23.759465865986744
7.0,8.542007049659716,24.85871802668605
8.0,2.61227613342324,26.085127577065215
9.0,24.397964365633463,27.43459783601943
10.0,90.0057454263105,28.902583332249453
11.0,23.473610619574025,30.484124590904628
12.0,21.31621218528614,32.17388600878173
13.0,16.168423705484038,33.96619650334535
14.0,74.47153771566875,35.855092597872286
15.0,33.73069932736834,37.834363584890966
16.0,4.590955678838007,39.89759839295444
17.0,67.3422143299203,42.03823376779631
18.0,89.87869817136117,44.24960336818661
19.0,13.14852364525477,46.52498736942627
20.0,10.52144958625702,48.85766216344723
21.0,62.58532603332202,51.24094974396067
22.0,10.151150226687633,53.66826636801859
23.0,42.638893856878155,56.13317009169985
24.0,80.56618594472528,58.62940678734938
25.0,32.32760973298223,61.15095426280332
26.0,61.290283960815586,63.692064119216795
27.0,79.20414899017241,66.24730100333906
28.0,115.12433467940976,68.81157893218756
29.0,58.33241847383101,71.3801943928782
30.0,116.32906928872553,73.94885594765947
31.0,9.508206133808145,76.51371010374959
32.0,72.3711307657749,79.07136323913383
33.0,99.90362312032235,81.61889940878646
34.0,101.15286416891502,84.1538938905517
35.0,69.786296631767,86.67442236586237
36.0,147.75596791649482,89.17906566729127
37.0,132.855332086811,91.66691006231082
38.0,33.74296770798014,94.13754308026239
39.0,46.67087393225791,96.59104492710071
40.0,127.57253861579312,99.02797556965669
41.0,94.29858273930569,101.44935760764757
42.0,135.6296910291906,103.8566550871482
43.0,121.0316497725366,106.25174844342482
44.0,106.96899617539185,108.63690579363158
45.0,105.7755507334655,111.01475083061683
46.0,116.8902465884435,113.38822759770693
47.0,81.34558473780953,115.76056245060958
48.0,130.81669599458178,118.13522353626405
49.0,157.39459479680056,120.51587813938556
50.0,110.9992883407212,122.9063482654104
51.0,217.71385072061327,125.31056484340893
52.0,114.73008130395905,127.73252094416696
53.0,176.9511483659622,130.17622441694357
54.0,119.49424297248073,132.6456503533239
55.0,175.75360825818854,135.14469378806413
56.0,77.66327227052483,137.67712304485255
57.0,77.87109691039711,140.24653412950806
58.0,144.01942567953824,142.8563065643439
59.0,88.58389801095194,145.5095610453243
60.0,81.97405651649538,148.20911928832572
61.0,186.91244114472738,150.95746641241544
62.0,165.90289963019882,153.75671618673633
63.0,153.264742948797,156.60857944351176
64.0,175.50652570775185,159.51433593305853
65.0,134.73286771751543,162.4748098677534
66.0,236.53582612167594,165.4903493708694
67.0,181.08801773965976,168.5608100133482
68.0,127.32742070803641,171.68554258718453
69.0,170.54314836679953,174.86338522844915
70.0,146.22399368339373,178.0926599663673
71.0,227.44221579162542,181.37117373761637
72.0,312.89243812084385,184.69622386741287
73.0,166.54391863801513,188.06460798134222
74.0,237.5748928776324,191.47263827456499
75.0,195.32265338515074,194.91616002831952
76.0,169.32472169668034,198.39057422784342
77.0,268.86176747154906,201.89086410125407
78.0,192.5869791097719,205.4116253658516
79.0,217.70126925394337,208.9470999370186
80.0,229.74691344087228,212.49121282564528
81.0,244.29474555274737,216.0376119230538
82.0,157.65591616330082,219.57971034796543
83.0,197.36777378178476,223.11073100834182
84.0,201.6468141302672,226.6237530121275
85.0,251.15326885313863,230.11175954518137
86.0,320.12077732446846,233.56768682214243
87.0,265.9848311714725,236.98447370673063
88.0,275.30932967280125,240.3551115921228
89.0,245.1094980780888,243.67269412961352
90.0,170.1892516034966,246.93046639477916
91.0,257.67413567816175,250.1218730848306
92.0,225.8190038422158,253.24060534869506
93.0,303.509475025016,256.2806458625696
94.0,288.62171909640557,259.23631177813456
95.0,268.08382854922127,262.1022951881846
96.0,255.7908560170346,264.87370077497593
97.0,292.1689595487655,267.5460803299439
98.0,239.5285924494001,270.11546385939806
99.0,264.0909584466856,272.57838701915614
100.0,230.79987670401843,274.9319146515781
101.0,321.5020579160807,277.17366023086413
102.0,273.8522704133781,279.3018010565102
103.0,258.99027336309723,281.31508907017985
104.0,309.58792915010997,283.21285720766775
105.0,277.3509377829669,284.9950212347809
106.0,263.96183249322985,286.6620770535492
107.0,300.8669160577317,288.21509350286453
108.0,295.39402293202625,289.6557007151435
109.0,250.9853841315998,290.98607412758156
110.0,272.54269757687797,292.2089142827116
111.0,237.7200585724479,293.3274225879965
112.0,299.33881208531517,294.3452732377802
113.0,246.13775944407263,295.26658153280414
114.0,263.78543521397023,296.09586886241505
115.0,310.4245486510042,296.8380246422787
116.0,377.6582097413643,297.4982655256509
117.0,332.0491957979598,298.0820922288241
118.0,247.60053723498976,298.59524433108606
119.0,247.29403432699047,299.04365342621173
120.0,319.8186775398706,299.433395016046
121.0,311.61437870798665,299.77063954698986
122.0,281.86435594322984,300.06160299710126
123.0,352.28233807087696,300.3124974249963
124.0,307.3922064177549,300.5294818917771
125.0,316.0704104258045,300.71861416379306
126.0,333.1183519254208,300.8858035972125
127.0,322.5971476306947,301.0367655951927
128.0,324.2636693435981,301.17697801496814
129.0,295.8854437913314,301.31163988555096
130.0,362.23900028518744,301.4456327770903
131.0,329.10163629233176,301.5834851404304
132.0,314.33846819198095,301.7293399102412
133.0,273.99670994320337,301.8869256374586
134.0,294.2049775231948,302.05953138692945
135.0,293.6305750084968,302.2499856043264
136.0,294.90371697980675,302.46063912286724
137.0,299.1315799283293,302.69335244542015
138.0,373.05480471097906,302.9494874014901
139.0,197.82176079261149,303.22990324166517
140.0,307.1708086207342,303.53495719467077
141.0,301.52930136726843,303.864509474545
142.0,395.600006882857,304.2179326879207
143.0,298.0690196947727,304.5941255543047
144.0,314.3767942963208,304.99153081588446
145.0,248.97370951542777,305.40815717808016
146.0,261.9867743957118,305.84160508807884
147.0,295.36454321129605,306.289096126243
148.0,350.0440516898342,306.7475057548308
149.0,282.0599765320702,307.21339914015977
150.0,242.25350013626834,307.683069738444
151.0,296.67034154233875,308.15258031221873
152.0,296.2490484970995,308.61780602378013
153.0,310.6308935273769,309.07447923452685
154.0,324.0661246135515,309.51823562469843
155.0,305.1796955204501,309.9446612368429
156.0,340.89730298263123,310.3493400385167
157.0,315.01867803877366,310.727901595306
158.0,281.61268760776704,311.0760684442748
159.0,312.12019053413997,311.38970276041175
160.0,289.22204520900937,311.6648519145399
161.0,312.39298218228464,311.89779253043196
162.0,327.50253605215835,312.0850726614355
163.0,305.2478486554522,312.22355172268817
164.0,271.0263334960234,312.3104378338278
165.0,285.2673965792826,312.3433222488336
166.0,271.13277840863236,312.32021057409423
167.0,350.81562938511394,312.23955050276663
168.0,350.27452718662664,312.1002558227522
169.0,340.39152215105554,311.90172648692715
170.0,362.04849831621704,311.6438645673463
171.0,315.19578184939405,311.32708594974247
172.0,316.08223501175536,310.9523276604403
173.0,268.21594160877504,310.5210507545363
174.0,339.60066835997657,310.0352387315128
175.0,344.570530286158,309.4973914820818
176.0,272.9759289674743,308.91051480764236
177.0,298.47900853820977,308.27810559099555
178.0,289.5295911510977,307.6041327335692
179.0,345.8386858049423,306.8930140100383
180.0,341.6545974303846,306.14958902562836
181.0,297.6091047872306,305.3790884942204
182.0,263.8996556323374,304.5871000863964
183.0,298.9491615033664,303.7795311254997
184.0,274.47463040409707,302.96256843639594
185.0,329.2625289978942,302.1426356756739
186.0,292.8536755779787,301.3263484933401
187.0,275.76863987188307,300.5204678944414
188.0,254.63918601339748,299.73185218433156
189.0,318.81944833829846,298.96740789339367
190.0,231.52868329698734,298.23404008578785
191.0,316.3621329557607,297.5386024621701
192.0,275.6302352859889,296.8878476682783
193.0,283.6795970495241,296.28837821976924
194.0,264.0832207226194,295.7465984487517
195.0,296.21654751004166,295.26866786911404
196.0,374.286543388358,294.860456346083
197.0,427.71654831069765,294.52750144055
198.0,314.9274118173484,294.2749682807064
199.0,275.5326024601636,294.1076122925625
200.0,347.35503958204686,294.0297450972119
201.0,324.4560368393154,294.0452038563701
202.0,303.77761523143243,294.157324319066
203.0,204.1124316506403,294.3689177915604
204.0,307.86248217534967,294.6822522199324
205.0,269.5464953107665,295.0990375405264
206.0,317.2062781529184,295.6204154179258
207.0,342.7902808063845,296.24695345358606
208.0,287.8874951645876,296.9786439110183
209.0,315.7221951876807,297.8149069658103
210.0,310.8882482343277,298.754598451087
211.0,266.1759417976276,299.79602203157333
212.0,315.15634898316534,300.9369457025558
213.0,309.4641235773133,302.1746224740369
214.0,303.5601173585882,303.5058150655441
215.0,282.0357259811524,304.9268244036948
216.0,343.63925032924936,306.4335216829983
217.0,308.60937173186136,308.02138372076485
218.0,313.1695668363189,309.6855313096407
219.0,329.7886583334305,311.42077024641986
220.0,288.2749376179879,313.2216346936153
221.0,272.3997431063432,315.0824325109843
222.0,251.17743697369752,316.997292177948
223.0,319.05681349901937,318.96021091478826
224.0,285.62998373684655,320.9651036007138
225.0,361.0201111667871,323.0058520804851
226.0,327.58014980238573,325.0763544482935
227.0,344.00317993015835,327.17057389805996
228.0,384.235525227653,329.2825867332135
229.0,341.43331710736004,331.4066291363323
230.0,373.28632180603523,333.5371423096977
231.0,362.502241350109,335.6688156117287
232.0,367.6210399440512,337.79662733133915
233.0,326.20620555928934,339.91588276232966
234.0,381.5540949513108,342.0222492628136
235.0,282.57733708844114,344.1117880102224
236.0,393.67509735753265,346.18098219039484
237.0,307.4023304130677,348.2267613893993
238.0,345.55841924541136,350.2465219888248
239.0,355.20978281064254,352.2381433990344
240.0,325.74855473076406,354.1999999999999
241.0,309.0406013064695,356.13096869556597
242.0,385.5582970586009,358.03043202399977
243.0,349.1743731008369,359.898276805156
244.0,315.71669725869117,361.7348883422374
245.0,481.63743097296856,363.54114023359966
246.0,366.5540250940974,365.31837988707196
247.0,330.27136135924826,367.0684098654872
248.0,377.6027129229787,368.7934652272542
249.0,283.1937153166447,370.4961870595689
250.0,303.85316461025695,372.179592433956
251.0,299.689270025733,373.84704104398884
252.0,347.71849938677076,375.5021988130097
253.0,326.0785562947453,377.14899878522914
254.0,397.69629856475063,378.79159963648556
255.0,356.18217969457737,380.43434216104066
256.0,373.3255975785277,382.0817041078688
257.0,383.98022207329643,383.7382537538439
258.0,359.76166363451205,385.4086026119138
259.0,280.31575201135354,387.097357679698
260.0,428.3868317368057,388.80907363786366
261.0,370.49868868169114,390.5482054081287
262.0,332.0719109879235,392.3190614777833
263.0,429.03743753283555,394.1257583912294
264.0,337.80898062309427,395.9721767992976
265.0,402.97359279503274,397.861919444059
266.0,401.3793745564384,399.798271440633
267.0,392.2832206995531,401.7841631982435
268.0,416.7162740164997,403.82213630062995
269.0,389.27559359667833,405.9143126411016
270.0,375.8726142085719,408.062367080199
271.0,409.96398567986444,410.2675038643571
272.0,407.9738885272407,412.53043701238846
273.0,423.9907052181996,414.8513748432793
274.0,446.91749666266463,417.23000878399597
275.0,445.6145496000258,419.6655065600548
276.0,415.0757948681512,422.15650983476985
277.0,363.0510442854458,424.7011363257022
278.0,365.705013668237,427.2969863891997
279.0,469.67849763490943,429.94115402635487
280.0,419.32171562340346,432.6302422265046
281.0,348.7988674328295,435.36038252792775
282.0,371.3269233514157,438.1272586398998
283.0,452.4748501096809,440.92613393607434
284.0,448.6172330338367,443.7518825965701
285.0,436.35046700721614,446.5990241454019
286.0,440.21564048895914,449.4617611012667
287.0,448.18420900289914,452.3340194334453
288.0,418.0020045387047,455.20949149089074
289.0,375.88897795194634,458.08168105168033
290.0,463.995708289381,460.9439501220455
291.0,523.3625471546678,463.7895670993618
292.0,456.59238140035103,466.61175590186247
293.0,468.76428663273305,469.4037456595429
294.0,555.8331555814453,472.15882055584234
295.0,429.2329323317665,474.87036940822736
296.0,491.91385824575775,477.5319345778021
297.0,514.0008955908071,480.13725980349574
298.0,434.1096003178802,482.6803365651997
299.0,432.26599919069434,485.1554485923584
300.0,511.92219757600583,487.5572141498611
301.0,429.1495697539238,489.8806257515112
302.0,500.9591385162446,492.12108697271805
303.0,532.0796175582632,494.27444605815253
304.0,477.21628579587434,496.33702604677603
305.0,498.2253319620478,498.3056511656422
306.0,560.7354019621963,500.1776692749236
307.0,476.16931965798705,501.95097017951537
308.0,467.75210606399935,503.6239996570061
309.0,532.5412865850012,505.19576908748684
310.0,543.1568133552008,506.66586060733266
311.0,468.79642072921865,508.03442774638705
312.0,573.7704200621035,509.3021915456259
313.0,566.8222823820098,510.4704321900306
314.0,500.4355632316073,511.54097622878726
315.0,552.0993683391885,512.5161794916755
316.0,621.0974773557905,513.3989058463723
317.0,474.8396949110495,514.1925019760266
318.0,543.1689052424027,514.9007683895879
319.0,475.0561410860521,515.5279269087241
320.0,509.5134927787274,516.0785849044546
321.0,482.41411575883427,516.557696583641
322.0,577.4380472827494,516.97052164997
323.0,601.3820790285808,517.3225816858181
324.0,535.3953085812205,517.6196146202647
325.0,499.14835489023784,517.8675276643125
326.0,542.3191699668068,518.0723491069725
327.0,555.6708251838639,518.240179375179
328.0,479.37179030867134,518.3771417664199
329.0,541.6415676556082,518.4893332654603
330.0,538.3375660423058,518.5827758555799
331.0,551.4319780640104,518.6633687303532
332.0,529.6590642105547,518.7368418041963
333.0,525.0353727736215,518.8087109087636
334.0,397.70038343701447,518.8842350479018
335.0,589.5557246852,518.9683760663509
336.0,512.4117473033509,519.0657610669027
337.0,528.2603282042165,519.1806478874456
338.0,534.6099024083346,519.3168939234102
339.0,541.1947213747153,519.4779285528584
340.0,457.0484291803265,519.6667293910048
341.0,581.3110263917551,519.8858025686227
342.0,499.47933996274406,520.1371671948185
343.0,551.1783534893427,520.4223441293448
344.0,534.62176012956,520.7423491532737
345.0,509.96827958415986,521.0976905897544
346.0,566.2562162745254,521.4883713890517
347.0,525.7298670926333,521.9138956544315
348.0,535.180367493452,522.3732795480238
349.0,579.2841558925016,522.8650664788692
350.0,553.3047461234531,523.3873464392706
351.0,535.8139494870604,523.9377793206088
352.0,536.6128988272561,524.5136220062362
353.0,491.56030269045704,525.1117590072315
354.0,575.8440177021363,525.7287363769403
355.0,617.1431123418847,526.3607986125731
356.0,463.17777035061476,527.0039282269562
357.0,481.0328871370457,527.6538876510095
358.0,570.0135687351692,528.3062631078521
359.0,514.3530269310194,528.9565100827951
360.0,551.9108540654352,529.5999999999999
361.0,489.7554872841314,530.2320677063548
362.0,517.0003746208109,530.8480593562765
363.0,519.3252492504655,531.4433802877035
364.0,586.8037993577847,532.0135424795507
365.0,543.8892521890008,532.5542111843506
366.0,524.1067469733023,533.0612503366714
367.0,625.4731246933067,533.5307663481263
368.0,507.8636716692318,533.9591499132978
369.0,514.8510688133382,534.3431154675435
370.0,491.98383875229683,534.679737957341
371.0,530.0624487225546,534.9664866063624
372.0,563.3007516122852,535.2012553856571
373.0,478.7705509588226,535.3823899239849
374.0,571.3864182415518,535.5087106242205
375.0,558.5732602981315,535.5795317835785
376.0,471.95481524146817,535.594676548983
377.0,556.4956814949959,535.5544875738648
378.0,569.43480842805,535.4598332787741
379.0,558.0335170642818,535.3121096551362
380.0,528.4933237222908,535.113237588907
381.0,548.688380489262,534.865655718555
382.0,457.68392988093035,534.572308879308
383.0,559.0748287124601,534.2366322227289
384.0,593.9294881211613,533.862531137038
385.0,505.2539244130811,533.4543571289242
386.0,523.6914049645134,533.0168798615662
387.0,508.9596129721816,532.555255575936
388.0,535.2437521257008,532.0749921529116
389.0,521.1935092894162,531.5819111020202
390.0,535.823588979996,531.0821067885466
391.0,472.3335497897378,530.581903234038
392.0,496.8681108200988,530.087808845726
393.0,528.4949158470608,529.6064694479066
394.0,510.28137564373594,529.144620002715
395.0,481.34351500648324,528.709035418871
396.0,423.59065025147925,528.3064808547869
397.0,521.1638109974084,527.9436619268341
398.0,505.30209267041425,527.6271752345281
399.0,519.3027679834959,527.3634596118975
400.0,524.2374932668068,527.1587485084067
401.0,510.7578349936616,527.0190238934858
402.0,518.2285115888868,526.9499720661411
403.0,543.4588350484483,526.9569417353208
404.0,550.5659489834763,527.0449047178565
405.0,492.01351628064083,527.218419579037
406.0,521.4619113170257,527.4815985163909
407.0,539.2075638481283,527.8380777602457
408.0,518.3002508827186,528.2909917353394
409.0,429.08799256981354,528.8429511964177
410.0,513.6939351581734,529.4960255176261
411.0,480.7847095728611,530.2517292808768
412.0,561.6790848762734,531.1110132725198
413.0,488.3752829537433,532.0742599608905
414.0,514.6995441282575,533.1412834899417
415.0,549.7932442565537,534.3113341864979
416.0,536.3036986851375,535.5831075410382
417.0,537.0463116032022,536.9547575846163
418.0,545.8614695597101,538.423914547866
419.0,526.0365264095213,539.9877066523578
420.0,447.006125298297,541.6427858501389
421.0,570.0370851445143,543.3853572943888
422.0,576.782231532661,545.21121229307
423.0,536.2343305385891,547.1157644684606
424.0,513.2400877308835,549.094088818794
425.0,579.2897919532056,551.1409633541274
426.0,502.7705905296937,553.2509129571956
427.0,519.1627788034001,555.4182551015718
428.0,571.6348393379087,557.6371470441171
429.0,546.1912622409942,559.9016340965657
430.0,573.2347204346701,562.2056985722629
431.0,643.9337132615944,564.5433089986547
432.0,529.1953793472734,566.9084691841156
433.0,539.5797768221652,569.295266729164
434.0,619.7081110735885,571.6979205769949
435.0,532.2027949150929,574.1108272065412
436.0,602.9279378203357,576.5286050829017
437.0,622.6979195119471,578.9461369947959
438.0,598.6489768994333,581.3586099266616
439.0,587.5018021134663,583.7615521339029
440.0,564.1738983130128,586.1508671134795
441.0,630.3896790966958,588.5228641882743
442.0,611.7123065495464,590.8742854522948
443.0,584.4108564501466,593.202328854499
444.0,571.5765665196861,595.5046672316223
445.0,629.3148597379325,597.7794631345624
446.0,652.6484386962734,600.0253793283661
447.0,560.8651498452568,602.2415848823329
448.0,597.8050249849844,604.4277568039298
449.0,559.6433074535162,606.5840772077805
450.0,540.4429418056409,608.711226048608
451.0,588.2923550426683,610.8103694843978
452.0,611.5036105638735,612.8831439728763
453.0,638.2160662058304,614.9316362403313
454.0,560.3987546779806,616.958359296596
455.0,669.2542497671769,618.9662247033262
456.0,552.5586900238346,620.9585113342644
457.0,558.811648706024,622.9388308957581
458.0,625.6821082090881,624.9110905030949
459.0,637.121499588605,626.8794526330394
460.0,669.419653567387,628.8482927950856
461.0,644.8202968150897,630.8221552831766
462.0,609.0261359053738,632.8057073858499
463.0,572.9810560061787,634.8036924457962
464.0,661.4531447423275,636.820882169555
465.0,585.3981744022109,638.8620285944334
466.0,557.3917148637398,640.9318161227021
467.0,617.5010027354856,643.0348140326043
468.0,688.5457708541442,645.1754298717777
469.0,695.293037724373,647.3578641313487
470.0,654.7800638100274,649.5860665882398
471.0,694.6857815598403,651.8636946892884
472.0,641.8358858024235,654.194074333672
473.0,681.2555014448811,656.5801633900317
474.0,633.9157371508511,659.0245182617676
475.0,661.8081284792602,661.5292637884135
476.0,695.26093826641,664.0960667430106
477.0,611.5993016782012,666.7261131552285
478.0,666.6787017314891,669.4200896578791
479.0,664.2224008665429,672.1781690206803
480.0,633.9612801735507,674.9999999999998
481.0,655.6597034452658,677.8847015970352
482.0,622.7617777172111,680.8308617798929
483.0,714.4640013312392,683.8365406875143
484.0,679.0447077822887,686.8992782957533
485.0,646.7203686525021,690.016106488412
486.0,694.6749726923724,693.1835654390262
487.0,724.2003855010607,696.3977241729558
488.0,688.7334978605114,699.6542051441719
489.0,667.8076255666172,702.9482126274008
490.0,697.1885356727254,706.2745646941504
491.0,662.7007776977986,709.6277285110065
492.0,753.10778930558,713.0018586706085
493.0,651.9513963674549,716.3908382401592
494.0,777.6185769063659,719.7883221894141
495.0,746.6919838735198,723.1877828400302
496.0,717.2928045397076,726.582556961049
497.0,677.8864067168694,729.9658941213701
498.0,750.0423521657971,733.3310058993934
499.0,730.1312723506651,736.6711155426642
500.0,811.0126241792271,739.9795076664566
501.0,682.3188801682587,743.2495775797527
502.0,791.0623888809714,746.474879830037
503.0,820.8499968123217,749.6491755647513
504.0,732.2840730003448,752.7664783170017
505.0,786.3635459776496,755.8210978361702
506.0,846.8334280316571,758.8076816003397
507.0,801.6318093876728,761.7212536666866
508.0,795.7862558404322,764.5572505381864
509.0,791.7673100342963,767.3115537498159
510.0,791.2531773814477,769.9805189047864
511.0,710.4234316718972,772.5610009209282
512.0,740.775893441527,775.0503752789858
513.0,765.001581144868,777.4465550979048
514.0,818.4389713853831,779.7480038970339
515.0,758.3282153903176,781.9537439411492
516.0,784.6039142064533,784.0633601010751
517.0,766.8240875901353,786.076999200096
518.0,702.8593681244542,787.9953648540396
519.0,794.7241023641074,789.8197078505049
520.0,763.357666562418,791.5518121499426
521.0,791.7436679757604,793.1939766278198
522.0,805.8931087121503,794.7489927126301
523.0,760.8459480080337,796.2201181087339
524.0,796.7753583378484,797.611046825668
525.0,736.1592441894485,798.9258757663247
526.0,815.5731606893709,800.1690681550897
527.0,822.854782414052,801.3454141133186
528.0,822.1319472010749,802.4599887132531
529.0,714.7384842863487,803.5181078624541
530.0,775.223032207243,804.5252823887931
531.0,817.0127290354101,805.4871707109602
532.0,800.9207210149615,806.4095304910968
533.0,885.9844543691432,807.2981696745092
534.0,762.4790267212511,808.1588973263424
535.0,881.9917027419631,808.9974746766277
536.0,783.622192740911,809.8195667831342
537.0,781.3547908964093,810.6306952161037
538.0,850.7144913708576,811.4361921601727
539.0,866.0745969184675,812.2411563166906
540.0,783.1462780620079,813.0504109743716
541.0,807.8750154663336,813.8684645978174
542.0,844.8133559246696,814.6994742621533
543.0,824.6236295863182,815.5472122379497
544.0,815.5703128214412,816.4150360040064
545.0,809.9848988495154,817.3058619366258
546.0,796.2342973710895,818.2221428929973
547.0,775.3488140809725,819.1658498734718
548.0,767.0706470716036,820.1384579131197
549.0,824.9688703234466,821.1409363173198
550.0,829.921819044999,822.1737433195374
551.0,854.5684011791456,823.2368252021682
552.0,862.5644514613465,824.329619883773
553.0,788.6622755469402,825.4510649383737
554.0,754.1255610985469,826.5996099751835
555.0,836.61962562119,827.7732332704157
556.0,825.1744224338236,828.9694625070192
557.0,825.526662236476,830.1853994435915
558.0,827.9401647308711,831.4177483006465
559.0,865.1516200674337,832.6628476211032
560.0,871.5598057683264,833.9167053326146
561.0,921.3762042097827,835.1750367123772
562.0,832.3713760444138,836.4333049306338
563.0,892.8652102428838,837.6867638273303
564.0,814.0983165080783,838.9305025575876
565.0,883.3073953455832,840.1594917258792
566.0,851.902999679302,841.3686306162421
567.0,874.7366575030937,842.5527951165861
568.0,846.5136012952638,843.7068859292868
569.0,815.8144966673169,844.8258766577703
570.0,806.796333840818,845.9048613598152
571.0,949.6543802623487,846.9391011627042
572.0,819.5883090884569,847.9240695431982
573.0,880.3133987831043,848.8554958864842
574.0,778.8250408909372,849.7294069526421
575.0,890.55898826442,850.5421658967336
576.0,921.4642884529676,851.2905085091091
577.0,857.9052106548679,851.9715763658538
578.0,757.6319997193924,852.5829466052079
579.0,854.2855854760293,853.1226580741187
580.0,853.0400856962423,853.5892336195343
581.0,817.4241027543229,853.9816983314191
582.0,877.071336070627,854.2995935784554
583.0,903.2322101398748,854.5429867127218
584.0,858.5943869348403,854.7124763560079
585.0,863.8756885995704,854.8091932175437
586.0,786.6356975625815,854.8347964304425
587.0,895.8345587463172,854.791465431822
588.0,904.4823052007882,854.6818874489993
589.0,850.7001592262441,854.5092406910917
590.0,848.713701382623,854.277173381446
591.0,903.3092098942957,853.9897788013
592.0,853.081152255047,853.6515665485997
593.0,839.9893364579904,853.2674302477675
594.0,897.450349984466,852.8426119760444
595.0,860.5760663947337,852.382663699698
596.0,854.6399280584573,851.893406038564
597.0,839.1677488771943,851.3808846998929
598.0,841.1394193938665,850.8513249421653
599.0,901.3929750356602,850.3110844461468
600.0,864.0006174642134,849.766604983954
601.0,809.1612559454372,849.2243632871018
602.0,879.8204830395155,848.6908215213418
603.0,812.2606457326177,848.1723777795364
604.0,819.1188647859659,847.6753170037902
605.0,937.2076682952683,847.2057627445917
606.0,816.318508268652,846.7696301578412
607.0,839.9764035545273,846.3725806303896
608.0,834.7175993002494,846.0199784112028
609.0,827.1817510696344,845.716849608582
610.0,965.1586234273746,845.4678438941725
611.0,770.3311581093822,845.2771992319393
612.0,861.8903063937171,845.1487099250626
613.0,825.6019289204713,845.0856982460303
614.0,790.1345400421363,845.090989885303
615.0,814.7777257394258,845.1668934220476
616.0,896.3603857899119,845.3151839868683
617.0,891.8470572963606,845.5370912514434
618.0,801.2839437878087,845.8332918438574
619.0,806.1348155932842,846.2039062514465
620.0,789.4443767169402,846.648500235504
621.0,804.5368782776325,847.1660907445032
622.0,854.8734755038239,847.7551562749313
623.0,849.4684822550272,848.413651591686
624.0,857.2114542553924,849.1390266835799
625.0,847.2417490819416,849.9282497941489
626.0,893.6342482739938,850.7778343339311
627.0,807.3270922073151,851.6838694480087
628.0,884.4786869738241,852.6420539820986
629.0,873.6444697956772,853.6477335621437
630.0,843.7396214340857,854.6959404764137
631.0,855.8197703820334,855.7814360257747
632.0,947.5682134011105,856.8987549872584
633.0,871.5080765957825,858.0422518185037
634.0,876.729426147347,859.2061482162003
635.0,860.9045915537553,860.3845816304822
636.0,867.8253335584927,861.5716543293618
637.0,817.4725143602076,862.7614826028394
638.0,856.101592137769,863.9482456953319
639.0,893.5962248853131,865.1262340574892
640.0,866.3430460095578,866.2898965143388
641.0,820.07073939185,867.4338859559653
642.0,893.2609064424671,868.5531031694555
643.0,831.9792622925044,869.6427384466119
644.0,898.2750785717211,870.6983106207243
645.0,795.6635495095782,871.7157032074347
646.0,897.123494213935,872.6911973491331
647.0,889.4501593563325,873.6215012893198
648.0,844.295369176976,874.5037761325873
649.0,830.5155887274586,875.3356576771897
650.0,820.5366967108718,876.1152741402435
651.0,866.4413404241508,876.8412596301871
652.0,860.6143505377496,877.5127632569262
653.0,875.2934419293546,878.129453806824
654.0,900.075380157214,878.6915199469963
655.0,917.2254025464202,879.1996659610078
656.0,847.6573507149669,879.6551030556559
657.0,854.6661265699989,880.0595363157861
658.0,888.99119838053,880.4151474206867
659.0,931.9721759316454,880.7245732712768
660.0,837.8566029923016,880.9908807116741
661.0,891.3319695967577,881.2175375615999
662.0,827.3490717593775,881.4083802070872
663.0,762.546034644562,881.5675780259194
664.0,798.6765990963671,881.6995949508433
665.0,895.8197943802818,881.8091484976699
666.0,910.1125308389118,881.9011666067139
667.0,880.5656414306,881.9807426644045
668.0,871.245257073868,882.0530890872277
669.0,843.5622013637684,882.1234898622466
670.0,882.0339331068107,882.1972524472459
671.0,849.7008354926204,882.2796594389489
672.0,945.776750713038,882.3759204197077
673.0,889.8302931224321,882.491124391614
674.0,926.488251494686,882.6301932020352
675.0,911.9909636419876,882.7978363562847
676.0,833.463667485085,882.9985076015012
677.0,879.7312385164936,883.2363636509272
678.0,948.0459825367642,883.5152253998352
679.0,971.1581336276903,883.8385419634096
680.0,834.6021848773436,884.2093578432047
681.0,889.0264655638042,884.6302835025241
682.0,839.2089360998873,885.1034696024326
683.0,873.5743596933133,885.6305851193617
684.0,895.6405457608572,886.2127995326632
685.0,936.1027629515472,886.850769236275
686.0,906.4132057750812,887.5446282931554
687.0,919.1894018452922,888.2939836146769
688.0,902.4353665281618,889.0979146099489
689.0,907.4548140151143,889.9549773124984
690.0,902.689429148882,890.8632129540814
691.0,883.5768735900376,891.8201609180209
692.0,853.5446746556399,892.8228759676331
693.0,874.0716167871474,893.867949609357
694.0,827.1656332425291,894.951535415415
695.0,957.437056229334,896.0693780975234
696.0,896.8470482148801,897.2168460915975
697.0,881.6884656258388,898.3889673838329
698.0,939.6728409166445,899.5804682812486
699.0,940.4853741606596,900.7858148049615
700.0,904.080209564298,901.999256362332
701.0,917.8772865899158,903.2148713348965
702.0,918.6107851672894,904.4266142028023
703.0,938.5263211027375,905.6283638134299
704.0,934.8614683554154,906.8139723921902
705.0,855.2419138696526,907.9773148870879
706.0,871.1967822050212,909.1123382357358
707.0,906.4147943523972,910.2131101440096
708.0,857.7890028121255,911.2738669694807
709.0,961.2590634924793,912.289060310144
710.0,927.5745417651158,913.2534019096739
711.0,950.7114108721272,914.1619065044117
712.0,965.4865487092803,915.0099322544122
713.0,862.1314537361968,915.7932184209973
714.0,937.6961544737363,916.5079199762085
715.0,936.2227900906606,917.1506388551405
716.0,873.3063546754075,917.7184515901461
717.0,897.3164469739027,918.2089330961048
718.0,896.1530142725597,918.6201764080754
719.0,860.8227357569518,918.9508082064626
720.0,973.591705245287,919.2
721.0,892.9803403032363,919.3674748731294
722.0,885.9400856444298,919.4535097414087
723.0,941.3447207393098,919.4589330961048
724.0,892.0128662188087,919.3851182568129
725.0,959.7782459941541,919.2339721884739
726.0,899.5309771721342,919.0079199762087
727.0,943.4918440708693,918.7098850876641
728.0,975.58929382986,918.3432655877455
729.0,880.7744303729141,917.9119065044118
730.0,962.3551415184568,917.4200685763407
731.0,829.4797139768343,916.8723936434773
732.0,935.7268640973001,916.2738669694807
733.0,858.439945921934,915.6297768106766
734.0,901.7840808061717,914.9456715690692
735.0,905.4281157588828,914.227314887088
736.0,925.5977708245159,913.4806390588572
737.0,919.5326061658318,912.7116971467632
738.0,888.1337536536917,911.9266142028023
739.0,968.7916374841677,911.1315380015636
740.0,927.5731432543798,910.3325896956653
741.0,845.2638497086607,909.5358148049617
742.0,943.2928523177288,908.7471349479157
743.0,940.220622955411,907.972300717166
744.0,837.9793537718095,907.2168460915976
745.0,942.0502196197556,906.4860447641901
746.0,870.7078481272506,905.7848687487483
747.0,884.4508369772611,905.117949609357
748.0,879.2722483349445,904.4895426342999
749.0,944.3184320328421,903.9034942513541
750.0,1004.5366098115289,903.3632129540814
751.0,897.2141047670503,902.8716439791651
752.0,962.8555544706,902.4312479432823
753.0,909.5816180239648,902.043983614677
754.0,875.9515558400552,901.7112949598223
755.0,891.166825534936,901.434102569608
756.0,894.1459829879042,901.2127995326636
757.0,850.2699720560174,901.0472517860284
758.0,919.392504571449,900.9368029357659
759.0,882.8757747415459,900.8802835025242
760.0,840.9484295062897,900.8760245098712
761.0,916.8511355396242,900.9218752967428
762.0,909.5107089305435,901.0152253998356
763.0,917.8559406042302,901.1530303175938
764.0,929.7235572014681,901.3318409348346
765.0,914.0235160328822,901.5478363562852
766.0,921.0623165138853,901.7968598687017
767.0,944.5673191118747,902.0744577249477
768.0,889.5435625662866,902.3759204197075
769.0,840.4217219231938,902.6963261056154
770.0,937.5068108388838,903.0305857805793
771.0,876.4679022579767,903.3734898622465
772.0,868.3741700934069,903.7197557538946
773.0,892.7351287842796,904.0640759977382
774.0,870.3170508954562,904.4011666067138
775.0,930.2234932858539,904.7258151643365
776.0,832.8597954973602,905.0329282841767
777.0,957.798777869409,905.3175780259194
778.0,894.5863246836194,905.5750468737539
779.0,933.5852079219128,905.800870894933
780.0,850.569760268183,905.9908807116742
781.0,937.3615420161441,906.1412399379433
782.0,883.6125351110067,906.2484807540202
783.0,886.5856901750608,906.3095363157862
784.0,887.1278166967099,906.3217697223229
785.0,960.7885141848975,906.2829992943408
786.0,841.429201251382,906.1915199469964
787.0,965.6092534174736,906.0461204734909
788.0,921.3552656790702,905.8460965902593
789.0,905.0567055874828,905.5912596301872
790.0,937.0469828990127,905.2819408069103
791.0,928.8167134640606,904.9189910105231
792.0,931.3769696934863,904.5037761325872
793.0,960.4160959788129,904.0381679559863
794.0,840.5238290279744,903.5245306824662
795.0,926.9837294465589,902.9657032074346
796.0,907.2388312149511,902.3649772873911
797.0,951.4168970566415,901.7260717799451
798.0,891.373776096627,901.0531031694557
799.0,892.8402549492407,900.3505526226318
800.0,871.5882675864482,899.6232298476724
801.0,899.0319835105848,898.876234057489
802.0,950.7562889258686,898.1149123619992
803.0,894.5415213326388,897.3448159361725
804.0,920.0181822594275,896.5716543293615
805.0,901.2655331182588,895.801248297149
806.0,888.3650914163478,895.0394815495335
807.0,854.0387159979092,894.2922518185038
808.0,859.9219508780901,893.5654216539255
809.0,882.2630457284291,892.864769359108
810.0,880.2919335786868,892.1959404764137
811.0,904.3085833936035,891.5644002288103
812.0,925.0964486774512,890.9753873154317
813.0,901.4259706743353,890.4338694480089
814.0,921.7799905698208,889.9445010005979
815.0,937.4172957478503,889.5115831274821
816.0,926.3310510461653,889.13902668358
817.0,877.8181092564741,888.8303182583527
818.0,897.6296599152827,888.5884896082646
819.0,832.7886723580299,888.4160907445035
820.0,904.9243394115229,888.3151669021707
821.0,900.644157779499,888.2872395847799
822.0,873.0814086642961,888.3332918438573
823.0,844.1420132031025,888.4537579181101
824.0,888.8813887942966,888.6485173202017
825.0,917.7911263989827,888.9168934220477
826.0,938.5011022408432,889.2576565519694
827.0,828.4535767319979,889.6690315793635
828.0,912.5271496913849,890.1487099250625
829.0,877.2462629072203,890.6938658986061
830.0,911.9594322467406,891.3011772275058
831.0,828.8043108759537,891.9668496085822
832.0,875.4255976723276,892.6866450778695
833.0,930.682775322119,893.4559139637228
834.0,835.3243981861388,894.2696301578413
835.0,874.9684678095139,895.1224294112585
836.0,911.8497652891358,896.0086503371236
837.0,840.0959436842489,896.9223777795366
838.0,914.7707756538117,897.8574881880085
839.0,899.6706434903782,898.8076966204351
840.0,919.1670796009911,899.766604983954
841.0,879.2120249792303,900.7277511128134
842.0,917.3483134970118,901.6846582754987
843.0,841.1217071240831,902.6308846998933
844.0,931.8122200606208,903.5600727052308
845.0,872.7583348060506,904.4659970330317
846.0,898.3083803446785,905.3426119760443
847.0,863.088210754227,906.1840969144342
848.0,835.2511593773878,906.9848998819332
849.0,893.5156634486727,907.7397788012997
850.0,944.6772683400986,908.4438400481127
851.0,883.940690138911,909.0925740244246
852.0,946.7457799216534,909.6818874489996
853.0,942.1837847667023,910.2081320984887
854.0,889.4149920865067,910.6681297637759
855.0,962.056953946841,911.0591932175438
856.0,916.4149260358984,911.3791430226745
857.0,924.2063699386307,911.626320046055
858.0,918.9387214886192,911.7995935784555
859.0,849.3775454146387,911.8983649980856
860.0,903.0544095602878,911.9225669528677
861.0,910.3428750249454,911.8726580741186
862.0,988.0387665491837,911.7496132718745
863.0,892.7954251148308,911.5549096991873
864.0,963.4905655320499,911.290508509109
865.0,946.389186543128,910.9588325634003
866.0,921.4583208100506,910.5627402859755
867.0,959.294963966111,910.105495886484
868.0,984.728085385787,909.5907362098652
869.0,944.0558783751052,909.0224344960376
870.0,965.2876963130643,908.4048613598153
871.0,846.9695561862181,907.7425433244373
872.0,924.11063864355,907.0402192626201
873.0,986.1998485219219,906.3027951165864
874.0,928.3093388432239,905.5352972829089
875.0,865.7099343331737,904.7428250592126
876.0,899.3415156505027,903.9305025575879
877.0,887.826838838542,903.1034304939973
878.0,855.0089411427632,902.2666382639674
879.0,957.6532907475546,901.4250367123772
880.0,834.5678524780453,900.583371999281
881.0,854.6534220168289,899.7461809544367
882.0,881.2837275723732,898.9177483006465
883.0,876.7733416378331,898.1020661102584
884.0,897.5567111184074,897.3027958403526
885.0,936.1709592806392,896.5232332704157
886.0,883.1761990920436,895.76627664185
887.0,870.1547234420266,895.0343982717072
888.0,858.3906124532135,894.3296198837729
889.0,841.0956510474061,893.653491868835
890.0,903.6358971449015,893.0070766528708
891.0,926.2874301368249,892.3909363173202
892.0,864.7984430126068,891.8051245797863
893.0,876.2228948940299,891.2491832068055
894.0,861.2181660106451,890.7221428929972
895.0,863.8440625209968,890.2225286032926
896.0,910.2882408699453,889.7483693373396
897.0,914.8244040462835,889.2972122379495
898.0,889.7263453857942,888.8661409288201
899.0,905.1001262162008,888.451797931151
900.0,935.9862806375135,888.0504109743717
901.0,927.7960961175766,887.6578229833576
902.0,889.3441414615291,887.2695254935062
903.0,938.7515435547629,886.880695216104
904.0,848.794911127291,886.486233449801
905.0,817.9472724894842,886.0808080099611
906.0,837.544440986494,885.6588973263426
907.0,846.0325604974606,885.2148363411757
908.0,919.340240273645,884.7428638244304
909.0,841.9961380639239,884.2371707109603
910.0,882.3547139380155,883.69194905546
911.0,864.8404128448773,883.1014411957879
912.0,913.0269008871594,882.4599887132536
913.0,825.2806710167097,881.7620807799855
914.0,932.7842246264955,881.0024014884232
915.0,900.0682082809992,880.1758757663248
916.0,888.0733369150036,879.2777134923349
917.0,865.7548328377728,878.3034514420681
918.0,860.1580805017647,877.2489927126303
919.0,927.6307352756112,876.1106432944869
920.0,790.2746136006198,874.8851454832757
921.0,915.1656994458898,873.5697078505053
922.0,858.1049026559203,872.1620315207068
923.0,882.1951053577542,870.6603325334296
924.0,817.1900730718668,869.0633601010753
925.0,828.9172481172086,867.3704106078161
926.0,889.4035019151145,865.5813372303671
927.0,872.2341988812211,863.6965550979045
928.0,881.2401469729176,861.7170419456525
929.0,861.2984927533925,859.6443342542616
930.0,883.5868962987231,857.4805189047865
931.0,909.9471085732473,855.2282204164827
932.0,842.4622351902035,852.8905838715191
933.0,892.7504109767888,850.4712536666867
934.0,835.0636236954948,847.9743482670067
935.0,810.748697045988,845.404431169504
936.0,846.989126129616,842.7664783170019
937.0,840.2374865311135,840.0658422314185
938.0,840.4166931725765,837.3082131633699
939.0,847.5537928343768,834.4995775797529
940.0,847.4561919538348,831.646174333124
941.0,917.6209151058358,828.7544488759976
942.0,857.7811897504533,825.8310058993937
943.0,812.8499160225565,822.8825607880369
944.0,841.8383513390138,819.9158902943825
945.0,840.061890214572,816.9377828400306
946.0,795.592564114461,813.9549888560813
947.0,797.0255402569533,810.9741715734926
948.0,897.0502638819455,808.001858670609
949.0,770.7540062993993,805.0443951776731
950.0,789.9179097086882,802.1078980274841
951.0,844.6342637157536,799.1982126274016
952.0,754.1292934343259,796.3208718108391
953.0,785.4774589721536,793.4810575062894
954.0,808.7226560010255,790.6835654390267
955.0,764.0826982457169,787.9327731550783
956.0,708.6297643571008,785.2326116290873
957.0,765.944388584393,782.5865406875151
958.0,722.2487527249062,779.9975284465601
959.0,793.9588846545286,777.468034930369
960.0,796.0135823963759,775.0
961.0,771.8544054286116,772.5948356873479
962.0,775.6355608641094,770.2534229912129
963.0,732.3782873290626,767.9761131552294
964.0,775.1551467595754,765.7627334096777
965.0,821.766276956744,763.6125971217472
966.0,804.3509600576041,761.5245182617675
967.0,811.651940749618,759.4968300566989
968.0,720.2973443180963,757.5274076670057
969.0,712.7644763830015,755.6136946892888
970.0,740.4208168075419,753.7527332549066
971.0,698.5897574039583,751.9411974646822
972.0,786.1321617131349,750.1754298717777
973.0,720.1706746392048,748.4514806992706
974.0,789.0973413689042,746.7651494560355
975.0,738.8451196128791,745.1120285944337
976.0,781.5896372694486,743.487548836222
977.0,782.8640662195236,741.8870257791298
978.0,668.7417964823252,740.3057073858496
979.0,718.6591175674804,738.7388219498433
980.0,725.4747101846981,737.1816261284191
981.0,760.9366480624064,735.6294526330398
982.0,754.6126702255135,734.0777571697616
983.0,741.2561213465219,732.5221642290916
984.0,692.2414486282547,730.9585113342644
985.0,726.6713000506596,729.3828913699931
986.0,693.5614842588344,727.7916926299299
987.0,750.9020266759524,726.1816362403313
988.0,672.6351873178351,724.5498106395435
989.0,753.0168804219758,722.8937028177313
990.0,665.6116899122445,721.2112260486084
991.0,671.1934620200606,719.5007438744475
992.0,702.3370115436018,717.7610901372637
993.0,735.5526498288325,715.9915848823332
994.0,661.5315790877085,714.192045995033
995.0,661.724303979072,712.3627964678955
996.0,735.5071779215409,710.5046672316225
997.0,724.8598293843785,708.618995521166
998.0,692.7717045838838,706.7076187856281
999.0,711.1484604494145,704.7728641882745
1000.0,740.8137289262453,702.8175337801464
1001.0,712.8735530667486,700.8448854672362
1002.0,704.2330435901279,698.8586099266619
1003.0,714.6015253869823,696.8628036614633
1004.0,655.8318703640216,694.8619384162353
1005.0,728.2720902049386,692.8608272065418
1006.0,681.1692177454787,690.8645872436617
1007.0,680.6191373706956,688.8786000624982
1008.0,657.2553058120648,686.9084691841159
1009.0,659.4885994170369,684.9599756653217
1010.0,726.5898596888622,683.039031905597
1011.0,634.9386274258728,681.1516340965658
1012.0,694.7520017630826,679.3038137107837
1013.0,705.9854913741078,677.5015884349045
1014.0,705.6015774130943,675.7509129571957
1015.0,665.8106349911684,674.0576300207945
1016.0,690.7057434556386,672.4274221521273
1017.0,643.137949739864,670.865764468461
1018.0,667.262102927379,669.3778789597367
1019.0,566.782547766224,667.9686906277218
1020.0,727.4653362951287,666.6427858501388
1021.0,611.1967458865411,665.4043733190249
1022.0,634.6058161572812,664.2572478811994
1023.0,709.0302465620534,663.2047575846168
1024.0,641.8890541597195,662.249774207705
1025.0,727.3123870244464,661.3946675198315
1026.0,673.5574642614775,660.6412834899419
1027.0,633.1306567365655,659.9909266275574
1028.0,670.5345348444587,659.4443466058533
1029.0,668.437064424893,659.0017292808768
1030.0,614.8894089909928,658.6626921842927
1031.0,615.4713428509091,658.4262845297512
1032.0,670.8704414687561,658.2909917353401
1033.0,669.6314954552181,658.2547444269126
1034.0,624.0113625913049,658.3149318497244
1035.0,656.0176557119122,658.4684195790368
1036.0,668.505543571279,658.7115713845228
1037.0,620.0755131547403,659.0402750686542
1038.0,611.4214567486628,659.4499720661415
1039.0,666.1460267537016,659.9356905601528
1040.0,705.0476068309546,660.4920818417401
1041.0,648.8873070668543,661.1134596118973
1042.0,660.5356130369571,661.7938419011948
1043.0,695.8823093569694,662.5269952601675
1044.0,635.0169736751296,663.306480854787
1045.0,602.798422903969,664.1257020855378
1046.0,749.7627724086057,664.9779533360484
1047.0,647.6404842513188,665.8564694479063
1048.0,643.114505077707,666.7544755123927
1049.0,690.8830816228365,667.6652365673716
1050.0,597.4953727955616,668.5821067885468
1051.0,633.3178975859762,669.4985777686869
1052.0,676.7308064732171,670.408325486245
1053.0,619.6654221266016,671.3052555759365
1054.0,729.6510899989484,672.1835465282328
1055.0,724.4516274632451,673.0376904622581
1056.0,610.7515111440553,673.8625311370381
1057.0,703.7142172367012,674.6532988893953
1058.0,627.5257670279449,675.4056422126409
1059.0,632.8757946269637,676.1156557185546
1060.0,720.0781630334341,676.7799042555737
1061.0,667.5350553670594,677.3954429884694
1062.0,617.2561188831085,677.9598332787746
1063.0,678.8593547332596,678.4711542405314
1064.0,637.4013213640218,678.9280098823162
1065.0,718.5753261995001,679.3295317835781
1066.0,686.1604450829869,679.6753772908872
1067.0,720.2425865742036,679.9657232573187
1068.0,627.8049921868418,680.2012553856569
1069.0,641.0182903439479,680.3831532730294
1070.0,730.5990667895311,680.5130712906741
1071.0,669.3562958778623,680.5931154675434
1072.0,635.2936205881385,680.6258165799646
1073.0,672.2501470920901,680.6140996814598
1074.0,659.497828191671,680.5612503366712
1075.0,648.4243291478331,680.4708778510173
1076.0,659.9819980878598,680.3468758128836
1077.0,667.8051302908067,680.1933802877038
1078.0,645.7914146546258,680.0147260229436
1079.0,713.0202896937119,679.8154010396884
1080.0,702.7946569611236,679.6
1081.0,654.0872746680772,679.3731767494614
1082.0,678.5116694659165,679.1395964411852
1083.0,652.4872391941292,678.9038876510095
1084.0,668.7498602433707,678.6705948936232
1085.0,707.7125639249405,678.4441319459065
1086.0,709.1454180690245,678.2287363769404
1087.0,691.7071201456725,678.0284256738978
1088.0,654.5055425748496,677.8469553395695
1089.0,716.2929795637737,677.6877793206088
1090.0,670.0018549488217,677.5540131059375
1091.0,666.3979350318285,677.4483998122025
1092.0,605.1084368889325,677.3732795480238
1093.0,674.3250077931666,677.3305623210981
1094.0,633.9219742979654,677.321704722385
1095.0,734.4355682255672,677.3476905897548
1096.0,739.5391337774777,677.4090158199407
1097.0,655.6339338129553,677.505677462678
1098.0,681.365268602291,677.6371671948184
1099.0,590.739124783098,677.8024692352895
1100.0,745.601285995142,678.0000627243381
1101.0,675.9063107760902,678.2279285528589
1102.0,653.5751311053214,678.483560590077
1103.0,752.7331375889688,678.763981220779
1104.0,677.2458323527617,679.0657610669024
1105.0,643.0889694183772,679.3850427330171
1106.0,654.6091594505244,679.7175683812353
1107.0,656.3628180466577,680.0587109087635
1108.0,665.6981917740726,680.4035084708632
1109.0,730.8747584818539,680.7467020636865
1110.0,694.7626640750304,681.0827758555798
1111.0,709.8514297751578,681.4059999321269
1112.0,679.3135995575158,681.7104750997534
1113.0,756.2090990743253,681.9901793751793
1114.0,708.8443039461049,682.2390157736393
1115.0,690.6949957774239,682.4508609976459
1116.0,687.1686121616262,682.6196146202645
1117.0,652.1113828121812,682.7392483524848
1118.0,623.0548095940538,682.8038549833036
1119.0,702.910602495608,682.8076965836414
1120.0,701.1499618967134,682.7452515711213
1121.0,685.1762350623242,682.6112602420576
1122.0,657.8899054836492,682.4007683895877
1123.0,696.6225607024381,682.1091686426935
1124.0,688.6874710624758,681.7322391797062
1125.0,677.4488802792035,681.266179491676
1126.0,755.8422079449514,680.707642895454
1127.0,652.2697384836794,680.0537655233638
1128.0,700.0565355404146,679.3021915456255
1129.0,687.544740830552,678.451094413054
1130.0,674.295543179936,677.4991939406664
1131.0,684.1328289821457,676.4457690874873
1132.0,678.52159915478,675.2906663236729
1133.0,617.2357789436782,674.0343035128486
1134.0,722.7681620683203,672.6776692749236
1135.0,649.8047303270331,671.2223178323092
1136.0,666.8020222722067,669.6703593801097
1137.0,692.06434865333,668.0244460581525
1138.0,696.8960066366465,666.2877536393852
1139.0,672.0319253074414,664.4639590848444
1140.0,686.7051277461846,662.5572141498615
1141.0,690.8756042370022,660.5721152590258
1142.0,755.1234041102308,658.5136698985336
1143.0,671.7643571921275,656.3872598034959
1144.0,609.9445757111749,654.198601244469
1145.0,616.12887306163,651.9537027415607
1146.0,655.3812495861235,649.6588205558428
1147.0,605.540735445083,647.3204123262103
1148.0,597.979449432022,644.9450892351961
1149.0,669.0645986976733,642.5395670993619
1150.0,646.094608706794,640.1106167887118
1151.0,617.5421160443169,637.6650143850136
1152.0,623.8559098925369,635.209491490891
1153.0,625.1191255273939,632.7506861001118
1154.0,633.2066872212552,630.2950944346005
1155.0,586.4174296737842,627.849024145402
1156.0,660.8450474657338,625.4185492632367
1157.0,617.1930222915717,623.0094672694074
1158.0,637.0492109063105,620.6272586398999
1159.0,604.4167592308129,618.2770491945948
1160.0,647.1040145923437,615.9635755598382
1161.0,691.1654981313867,613.6911540263549
1162.0,646.1622528665364,611.4636530558665
1163.0,607.0661742168516,609.2844696590356
1164.0,579.9246059203642,607.1565098347701
1165.0,612.4800964465418,605.082173226722
1166.0,588.3750909615751,603.0633421173294
1167.0,514.4547552314555,601.1013748432797
1168.0,630.5555070421749,599.1971036790554
1169.0,623.7226855686464,597.3508371976905
1170.0,677.2363346484536,595.5623670801992
1171.0,620.8187489576786,593.8309793077691
1172.0,577.4228791052495,592.1554696339632
1173.0,662.7423844894156,590.5341631982437
1174.0,603.5774130826534,588.9649381072996
1175.0,660.0284776298971,587.4452527773926
1176.0,587.7985285978181,585.9721767992984
1177.0,604.1838666598287,584.5424250578967
1178.0,538.0484871999748,583.1523948111169
1179.0,586.1178171927447,581.798205408129
1180.0,558.397525612045,580.4757403045305
1181.0,600.5447244242478,579.1806910130316
1182.0,660.7970165468225,577.9086026119143
1183.0,592.1780271817404,576.6549204205108
1184.0,611.9237473964869,575.4150374412026
1185.0,583.983992056887,574.1843421610406
1186.0,576.0709051336299,572.9582663031525
1187.0,531.3969183402378,571.7323321185634
1188.0,525.3856470830008,570.5021988130104
1189.0,582.5285649312029,569.2637077106559
1190.0,445.9269106053327,568.0129257672895
1191.0,612.1246886206433,566.746187059569
1192.0,587.1331403622878,565.4601318939212
1193.0,562.7263202730701,564.1517431988208
1194.0,545.8215729392094,562.8183798870724
1195.0,573.8989742879348,561.4578069002665
1196.0,557.5808856780276,560.0682216755707
1197.0,573.6878338035214,558.6482768051561
1198.0,627.3912162984976,557.1970986906666
1199.0,507.65255075379065,555.7143020288994
1200.0,588.3793567328902,554.2000000000004
1201.0,508.11717148943535,552.6548100657014
1202.0,567.5322717368463,551.079855322158
1203.0,570.6924375900801,549.4767613893993
1204.0,449.9713075904414,547.8476488570616
1205.0,635.3926472832388,546.195121343556
1206.0,495.6287898194321,544.5222492628141
1207.0,576.1024301913012,542.8325494289966
1208.0,476.40510837562226,541.1299606646722
1209.0,543.3911500783396,539.4188156117285
1210.0,598.6506478652154,537.7038089763645
1211.0,598.7652309576611,535.9899624696661
1212.0,458.7582097407694,534.2825867332135
1213.0,542.0438577685901,532.5872405647269
1214.0,435.7689592955371,530.9096877816269
1215.0,553.8440121936499,529.2558520804853
1216.0,550.2547947337276,527.6317702673808
1217.0,578.3296799773948,526.043544248122
1218.0,545.4041032432469,524.4972921779481
1219.0,563.6740005619089,522.999099177651
1220.0,480.45360241124797,521.5549680269486
1221.0,473.15007876309056,520.1707702464199
1222.0,530.303996780306,518.8521979763082
1223.0,513.5662552120128,517.6047170540985
1224.0,579.3060291308034,516.4335216829983
1225.0,593.2482096374212,515.3434910703616
1226.0,542.9720546039514,514.3391483988776
1227.0,532.6385912789763,513.424622474037
1228.0,443.0418589294283,512.6036123692228
1229.0,583.2254188355142,511.8793553649068
1230.0,500.7713377185607,511.2545984510871
1231.0,525.5252427018274,510.73157363247685
1232.0,526.9795970883831,510.3119772443516
1233.0,593.6746562713796,509.9969534535866
1234.0,485.7353550064655,509.78708208459267
1235.0,511.2622783037444,509.6823708738597
1236.0,543.1120963246728,509.6822522199325
1237.0,521.5815255856603,509.7855844582267
1238.0,483.0532291429039,509.99065765239897
1239.0,529.4364688939509,510.29520385637016
1240.0,434.92822016331434,510.6964117638788
1241.0,584.1905994157373,511.19094562589606
1242.0,529.2593977517369,511.7749682807062
1243.0,545.6956021555974,512.4441681072166
1244.0,609.3741232741642,513.1937896794163
1245.0,498.1632905267457,514.0186678691142
1246.0,553.6395865153545,514.9132651154185
1247.0,467.36969051535664,515.8717115531025
1248.0,457.1872250597856,516.8878476682781
1249.0,550.0210213543916,517.9552691288367
1250.0,576.9657454409331,519.0673734191213
1251.0,519.4444280702276,520.217407893394
1252.0,463.0507402016817,521.3985188509982
1253.0,495.8176791903105,522.6038012277747
1254.0,441.2090708662215,523.82634849334
1255.0,519.1776527424145,525.05930234234
1256.0,534.4421009522954,526.2959017697294
1257.0,611.5534192965271,527.5295311254998
1258.0,490.50214772744926,528.7537667530631
1259.0,484.8983300548337,529.9624218275536
1260.0,472.997900802442,531.1495890256281
1261.0,461.9951620740659,532.3096806767049
1262.0,481.1971670066229,533.4374660669023
1263.0,540.2717117329255,534.5281055909958
1264.0,524.3100082720817,535.5771814743089
1265.0,541.9785109691815,536.5807248154149
1266.0,509.4203920578719,537.5352387315125
1267.0,519.9977033102476,538.4377174212027
1268.0,483.3980649862773,539.2856609937735
1269.0,558.7317853132997,540.0770859497425
1270.0,569.0960315724745,540.8105312340128
1271.0,545.1266143930308,541.4850598202604
1272.0,549.7697764366497,542.1002558227522
1273.0,568.9259805487114,542.656217169433
1274.0,485.9937096118166,543.1535439074278
1275.0,579.2196966236102,543.5933222488337
1276.0,523.3758903392047,543.9771045004942
1277.0,480.63124795667807,544.3068850560213
1278.0,512.7828164228016,544.5850726614354
1279.0,488.5033418563043,544.814459197099
1280.0,543.7749748082437,544.9981852478733
1281.0,482.05437647315614,545.1397027604115
1282.0,588.612656766575,545.2427351109415
1283.0,499.52890035837316,545.3112349286392
1284.0,521.240368230542,545.3493400385164
1285.0,552.3041229599428,545.3613279035093
1286.0,568.8193818547189,545.3515689580319
1287.0,633.3133485803617,545.3244792345267
1288.0,510.31429502299466,545.2844726904468
1289.0,473.3459597478061,545.2359136455518
1290.0,612.5519889057828,545.1830697384438
1291.0,495.90017508213896,545.1300658068265
1292.0,530.2431066809183,545.0808390881641
1293.0,572.6770149120937,545.0390961262432
1294.0,581.3684345983197,545.0082717547454
1295.0,580.1868389207214,544.9914905114133
1296.0,530.683235168464,544.9915308158845
1297.0,536.4864779507627,545.0107922209714
1298.0,546.4845439915965,545.051266021254
1299.0,581.7623231369345,545.1145094745451
1300.0,555.9586906852422,545.2016238613371
1301.0,570.7865418892947,545.3132365749984
1302.0,458.70929732914095,545.4494874014902
1303.0,520.4354021486618,545.6100191120868
1304.0,575.491818540174,545.7939724562007
1305.0,504.22357076503766,545.9999856043264
1306.0,562.5724137721105,546.2261980535959
1307.0,627.6191318908544,546.4702589707921
1308.0,479.9268272533887,546.7293399102412
1309.0,598.9637074685567,547.0001518070974
1310.0,533.4931296238904,547.2789661104237
1311.0,527.0161879110452,547.5616398855509
1312.0,524.7623677525363,547.8436446816345
1313.0,502.68439803867295,548.1200989285262
1314.0,496.1230852090056,548.3858035972127
1315.0,563.0313635941662,548.6352808304597
1316.0,578.836939500251,548.8628152251106
1317.0,483.22339253411366,549.0624974249963
1318.0,573.428232124204,549.2282696637682
1319.0,601.834398509957,549.3539728803232
1320.0,570.2509523710656,549.4333950160462
1321.0,579.1573628463548,549.4603200928786
1322.0,528.4009542940294,549.4285776644194
1323.0,588.5276578521612,549.332092228824
1324.0,623.4737877119527,549.1649321923177
1325.0,667.3939743538075,548.9213579756123
1326.0,582.0061213539478,548.5958688624152
1327.0,550.8599859110514,548.1832481994709
1328.0,571.0534268700036,547.6786065711136
1329.0,578.7878510803313,547.0774225879966
1330.0,474.21383086296464,546.375580949378
1331.0,588.6974882940945,545.569407460915
1332.0,564.4111697844054,544.6557007151439
1333.0,454.559210129656,543.6317601695313
1334.0,490.4953537154919,542.4954103868828
1335.0,491.94093058442996,541.2450212347808
1336.0,545.8896347529436,539.8795238743348
1337.0,444.95354435317347,538.3984224035135
1338.0,543.3249531096543,536.8018010565104
1339.0,512.68736026783,535.0903268975309
1340.0,532.3888159026501,533.2652479849116
1341.0,503.647270413452,531.3283870191561
1342.0,518.3821979172386,529.282130526065
1343.0,542.1117879924029,527.1294136632774
1344.0,562.0786675820601,524.8737007749762
1345.0,496.2797265051702,522.5189618548515
1346.0,544.2680088349853,520.069645111468
1347.0,504.16802486905266,517.5306458625696
1348.0,553.8277201615548,514.907272015362
1349.0,479.4454070101358,512.2052064181645
1350.0,434.8453581362603,509.4304663947794
1351.0,493.04053731842384,506.5893607962805
1352.0,532.5498838589349,503.68844492545634
1353.0,460.8762431646916,500.7344737067309
1354.0,483.3290072810127,497.7343534888094
1355.0,561.5653207792831,494.6950928785151
1356.0,429.2197882232646,491.62375301212785
1357.0,475.30013895533835,488.52739767500873
1358.0,520.2316846706655,485.4130436812987
1359.0,490.98160601449933,482.2876119230543
1360.0,521.5494007664447,479.1578794923125
1361.0,456.6380191103571,476.03043327035226
1362.0,525.4126566667763,472.91162536585216
1363.0,477.4599794627515,469.80753076792115
1364.0,518.0171482135266,466.7239075611771
1365.0,411.89035220581917,463.66616002832
1366.0,466.0040028167881,460.6393049412323
1367.0,454.52526050106104,457.64794131467625
1368.0,424.65682878588945,454.69622386741355
1369.0,546.7583513029709,451.7878404042833
1370.0,493.8681861564444,448.9259932997015
1371.0,460.8991753987355,446.1133852284496
1372.0,456.3053781044509,443.3522092538517
1373.0,451.96900401986125,440.64414334668174
1374.0,427.5988447553151,437.9903493708697
1375.0,350.9853574388264,435.3914765344202
1376.0,442.2967519393794,432.84766926639185
1377.0,458.4270244571361,430.35857944351187
1378.0,435.49709884248955,427.92338285340315
1379.0,419.55358083789264,425.540799745749
1380.0,401.29781210928934,423.209119288326
1381.0,439.49097903433756,420.9262277119911
1382.0,505.06055492202137,418.68963989767764
1383.0,350.2016197563129,416.4965341295084
1384.0,379.74175688653986,414.3437897115196
1385.0,399.33583859007643,412.2280271213976
1386.0,418.7492328419062,410.1456503533244
1387.0,403.23162242349025,408.0928910836106
1388.0,346.0777060623998,406.06585427750076
1389.0,282.5402248133947,404.06056484340905
1390.0,446.34606627363775,402.07301493207757
1391.0,476.36623790721575,400.0992114727192
1392.0,411.05128636482004,398.1352235362644
1393.0,368.9542825613289,396.1772291172761
1394.0,334.8586987705101,394.2215609310407
1395.0,373.7772284233564,392.2647508306174
1396.0,437.82915613852987,390.3035724602985
1397.0,373.71160701838437,388.3350817767587
1398.0,365.3311836206153,386.3566550871487
1399.0,404.20062256315646,384.36602427431467
1400.0,367.0945094573787,382.36130890299046
1401.0,339.174702869603,380.3410449271011
1402.0,311.270248383624,378.3042097469294
1403.0,366.6488267687546,376.25024339564465
1404.0,403.8254708077809,374.1790656672914
1405.0,374.1696012964694,372.0910890325295
1406.0,336.80325267092354,369.9872272238855
1407.0,397.8688903106021,367.8688994087868
1408.0,374.71160857238084,365.73802990580106
1409.0,293.7852973923292,363.59704343708324
1410.0,385.69152647737695,361.44885594765975
1411.0,386.0628650639483,359.2968610595451
1412.0,358.57925818861577,357.1449122655212
1413.0,368.7911554920157,354.99730100333943
1414.0,323.39525596831123,352.8587307858837
1415.0,412.6630774946723,350.7342875961368
1416.0,355.89541533904816,348.6294067873498
1417.0,416.8531513853078,346.5498367583668
1418.0,414.67858146705674,344.5015997013517
1419.0,411.21458772213515,342.4909497439606
1420.0,306.7596038157779,340.5243288301139
1421.0,235.98660297792546,338.60832070275956
1422.0,320.3578698796579,336.7496033681865
1423.0,368.63591434746695,334.9549004344628
1424.0,330.77097505376565,333.2309317262878
1425.0,273.21327987478037,331.584363584891
1426.0,378.6899948899394,330.02175926453896
1427.0,325.096106347766,328.5495298366786
1428.0,278.49193265351573,327.1738860087816
1429.0,246.5376797274487,325.9007912575713
1430.0,295.9344577817464,324.73591666558286
1431.0,355.4148466451734,323.68459783601935
1432.0,315.29268690166384,322.7517942437318
1433.0,265.43294605244176,321.9420513600193
1434.0,329.5833465382785,321.2594658659868
1435.0,393.06839847007393,320.7076542435927
1436.0,283.63798489324984,320.2897250055013
1437.0,299.8266006077512,320.0082547946331
1438.0,305.35333494882207,319.8652685521711
1439.0,394.1040394114449,319.86222391895376
